PLAYER,TEAM,YEAR,RES,ORD,P,SP,AB,R,H,B,2B,3B,HR,XBH,TB,RBI,SB,CS,BB,HBP,IBB,SO,GDP,SH,SF,AVG,OBP,SLG,ISOP,OPS,GPA,PN,avLI,RE24,WPA
김재환,두산,2019.0,7.0,4,LF,9.0,32.0,5.0,9.0,5.0,1.0,0.0,3.0,4.0,19.0,12.0,0.0,0.0,5.0,0.0,0.0,12.0,2.0,0.0,1.0,0.211,0.407,0.45,0.239,0.857,0.296,16.778,1.134,0.471,0.04
김재환,두산,2019.0,5.0,4,LF,9.0,32.0,3.0,9.0,7.0,1.0,1.0,0.0,2.0,12.0,6.0,0.0,0.0,5.0,0.0,0.0,6.0,0.0,0.0,2.0,0.266,0.361,0.524,0.258,0.885,0.293,15.333,0.859,0.007,0.007
김재환,두산,2019.0,6.0,4,LF,9.0,32.0,9.0,10.0,7.0,1.0,0.0,2.0,3.0,17.0,9.0,1.0,0.0,8.0,0.0,0.0,7.0,1.0,0.0,1.0,0.281,0.37,0.469,0.189,0.839,0.284,16.778,0.954,0.603,0.052
김재환,두산,2019.0,5.0,4,LF,9.0,36.0,9.0,14.0,9.0,2.0,0.0,3.0,5.0,25.0,7.0,0.0,0.0,5.0,0.0,1.0,9.0,1.0,0.0,0.0,0.305,0.396,0.546,0.241,0.942,0.315,15.778,0.769,0.544,0.055
김재환,두산,2019.0,6.0,4,LF,9.0,36.0,4.0,11.0,10.0,0.0,1.0,0.0,1.0,13.0,7.0,0.0,1.0,1.0,0.0,0.0,10.0,1.0,0.0,1.0,0.313,0.392,0.529,0.215,0.92,0.309,13.778,1.039,-0.087,0.015
김재환,두산,2019.0,6.0,4,LF,9.0,28.0,7.0,7.0,5.0,0.0,1.0,1.0,2.0,12.0,3.0,0.0,0.0,6.0,1.0,1.0,5.0,1.0,0.0,0.0,0.301,0.375,0.493,0.192,0.868,0.292,14.333,1.022,0.074,0.025
김재환,두산,2019.0,4.0,4,LF,9.0,34.0,1.0,9.0,7.0,1.0,0.0,1.0,2.0,13.0,7.0,0.0,0.0,5.0,0.0,1.0,8.0,0.0,0.0,2.0,0.298,0.378,0.484,0.187,0.862,0.291,16.444,1.259,-0.193,0.028
김재환,두산,2019.0,4.0,4,LF,9.0,35.0,7.0,12.0,9.0,1.0,0.0,2.0,3.0,19.0,9.0,0.0,0.0,4.0,0.0,1.0,7.0,0.0,0.0,1.0,0.294,0.373,0.479,0.185,0.852,0.288,15.0,0.833,0.381,0.043
김재환,두산,2019.0,5.0,4,LF,8.0,32.0,3.0,12.0,11.0,1.0,0.0,0.0,1.0,13.0,5.0,0.0,0.0,4.0,1.0,0.0,7.0,0.0,0.0,1.0,0.295,0.372,0.475,0.18,0.847,0.286,15.889,1.2,0.082,-0.001
김재환,두산,2019.0,5.0,4,LF,9.0,30.0,3.0,10.0,9.0,1.0,0.0,0.0,1.0,11.0,5.0,0.0,0.0,4.0,0.0,0.0,6.0,0.0,0.0,2.0,0.304,0.38,0.47,0.165,0.85,0.288,17.444,0.914,0.227,0.011
김재환,두산,2019.0,4.0,4,LF,9.0,33.0,2.0,4.0,4.0,0.0,0.0,0.0,0.0,4.0,1.0,0.0,0.0,5.0,0.0,0.0,9.0,0.0,0.0,0.0,0.295,0.375,0.447,0.152,0.822,0.28,15.444,1.148,-0.35,-0.009
김재환,두산,2019.0,5.0,4,LF,9.0,37.0,6.0,8.0,4.0,2.0,0.0,2.0,4.0,16.0,5.0,0.0,0.0,2.0,1.0,0.0,12.0,0.0,0.0,0.0,0.282,0.364,0.432,0.15,0.796,0.272,14.889,1.171,-0.216,-0.006
김재환,두산,2019.0,4.0,4,LF,8.0,35.0,3.0,8.0,6.0,0.0,1.0,1.0,2.0,13.0,10.0,0.0,0.0,3.0,0.0,1.0,5.0,0.0,0.0,0.0,0.28,0.36,0.434,0.154,0.794,0.27,13.667,1.082,0.408,0.029
김재환,두산,2019.0,6.0,4,LF,8.0,30.0,5.0,11.0,8.0,3.0,0.0,0.0,3.0,14.0,4.0,1.0,0.0,2.0,1.0,0.0,9.0,1.0,0.0,2.0,0.279,0.356,0.431,0.153,0.787,0.268,12.333,0.763,0.078,-0.012
김재환,두산,2019.0,6.0,4,LF,7.0,27.0,8.0,10.0,4.0,5.0,1.0,0.0,6.0,17.0,6.0,0.0,0.0,2.0,2.0,0.0,5.0,0.0,0.0,0.0,0.286,0.363,0.442,0.156,0.804,0.274,10.111,1.176,0.627,0.012
김재환,두산,2019.0,5.0,4,LF,8.0,31.0,5.0,10.0,6.0,3.0,0.0,1.0,4.0,16.0,4.0,1.0,0.0,3.0,0.0,0.0,7.0,0.0,0.0,0.0,0.286,0.362,0.444,0.158,0.807,0.274,13.667,0.938,0.606,0.052
김재환,두산,2019.0,7.0,5,LF,9.0,33.0,3.0,7.0,6.0,1.0,0.0,0.0,1.0,8.0,0.0,0.0,0.0,7.0,0.0,1.0,5.0,0.0,0.0,0.0,0.282,0.368,0.42,0.138,0.788,0.27,16.111,1.096,-0.407,-0.019
김상수,삼성,2019.0,4.0,1,2B,9.0,31.0,6.0,10.0,9.0,1.0,0.0,0.0,1.0,11.0,7.0,4.0,0.0,7.0,2.0,0.0,5.0,2.0,0.0,1.0,0.367,0.526,0.37,0.004,0.896,0.329,17.556,1.227,0.471,0.053
김상수,삼성,2019.0,4.0,1,2B,9.0,37.0,5.0,8.0,7.0,1.0,0.0,0.0,1.0,9.0,2.0,4.0,0.0,4.0,1.0,0.0,6.0,2.0,0.0,0.0,0.324,0.45,0.346,0.022,0.796,0.289,18.667,1.096,-0.348,-0.02
김상수,삼성,2019.0,3.0,2,2B,9.0,41.0,6.0,12.0,7.0,5.0,0.0,0.0,5.0,17.0,6.0,1.0,0.0,2.0,0.0,0.0,6.0,1.0,2.0,1.0,0.262,0.367,0.293,0.032,0.66,0.238,19.889,1.233,-0.303,-0.087
김상수,삼성,2019.0,2.0,2,2B,9.0,34.0,4.0,6.0,5.0,1.0,0.0,0.0,1.0,7.0,2.0,2.0,0.0,3.0,2.0,0.0,9.0,1.0,1.0,0.0,0.271,0.36,0.327,0.056,0.687,0.244,17.333,0.913,-0.538,-0.106
김상수,삼성,2019.0,5.0,2,2B,9.0,35.0,7.0,6.0,2.0,1.0,0.0,3.0,4.0,16.0,6.0,2.0,0.0,5.0,0.0,1.0,6.0,0.0,1.0,0.0,0.247,0.338,0.321,0.075,0.66,0.233,16.778,0.791,0.21,0.037
김상수,삼성,2019.0,5.0,2,2B,9.0,37.0,5.0,11.0,10.0,1.0,0.0,0.0,1.0,12.0,5.0,1.0,0.0,1.0,1.0,0.0,9.0,2.0,2.0,1.0,0.253,0.342,0.351,0.099,0.694,0.242,16.111,1.148,-0.369,-0.069
김상수,삼성,2019.0,5.0,2,2B,7.0,27.0,4.0,10.0,6.0,3.0,1.0,0.0,4.0,15.0,0.0,1.0,1.0,4.0,1.0,0.0,2.0,2.0,0.0,0.0,0.265,0.349,0.362,0.096,0.71,0.247,14.556,1.21,-0.004,0.001
김상수,삼성,2019.0,4.0,1,2B,9.0,35.0,8.0,14.0,11.0,0.0,1.0,2.0,3.0,22.0,5.0,1.0,0.0,3.0,1.0,0.0,4.0,0.0,0.0,0.0,0.281,0.366,0.398,0.116,0.763,0.264,15.889,0.986,0.444,0.05
김상수,삼성,2019.0,3.0,1,2B,8.0,35.0,6.0,9.0,7.0,2.0,0.0,0.0,2.0,11.0,2.0,1.0,0.0,0.0,1.0,0.0,5.0,0.0,0.0,0.0,0.286,0.366,0.4,0.114,0.767,0.265,15.222,0.902,-0.174,-0.016
김상수,삼성,2019.0,3.0,1,2B,9.0,35.0,7.0,10.0,9.0,1.0,0.0,0.0,1.0,11.0,2.0,2.0,0.0,4.0,0.0,0.0,8.0,1.0,0.0,0.0,0.287,0.364,0.395,0.107,0.759,0.262,19.222,0.787,0.111,0.016
김상수,삼성,2019.0,4.0,1,2B,9.0,39.0,7.0,11.0,9.0,2.0,0.0,0.0,2.0,13.0,0.0,2.0,0.0,3.0,1.0,0.0,3.0,1.0,0.0,0.0,0.286,0.363,0.385,0.099,0.748,0.26,18.111,1.366,-0.394,-0.023
김상수,삼성,2019.0,4.0,1,2B,8.0,33.0,5.0,13.0,10.0,2.0,1.0,0.0,3.0,17.0,1.0,1.0,2.0,1.0,1.0,0.0,3.0,2.0,0.0,0.0,0.292,0.367,0.392,0.101,0.76,0.263,13.667,0.884,-0.192,-0.012
김상수,삼성,2019.0,1.0,1,2B,9.0,32.0,2.0,8.0,7.0,1.0,0.0,0.0,1.0,9.0,2.0,0.0,0.0,4.0,2.0,0.0,4.0,1.0,0.0,1.0,0.296,0.371,0.394,0.099,0.765,0.265,21.222,1.12,-0.278,-0.029
김상수,삼성,2019.0,3.0,1,2B,8.0,25.0,3.0,3.0,3.0,0.0,0.0,0.0,0.0,3.0,0.0,0.0,0.0,6.0,2.0,0.0,0.0,2.0,0.0,0.0,0.29,0.37,0.384,0.095,0.754,0.262,15.222,0.679,-0.613,-0.038
김상수,삼성,2019.0,3.0,1,2B,8.0,29.0,4.0,7.0,7.0,0.0,0.0,0.0,0.0,7.0,2.0,0.0,0.0,6.0,1.0,0.0,2.0,0.0,0.0,0.0,0.284,0.371,0.374,0.089,0.744,0.26,18.778,1.051,0.061,-0.004
김상수,삼성,2019.0,2.0,9,PH,4.0,21.0,0.0,0.0,0.0,0.0,0.0,0.0,0.0,0.0,0.0,0.0,0.0,0.0,0.0,0.0,2.0,0.0,0.0,0.0,0.276,0.363,0.361,0.085,0.724,0.254,7.111,1.589,-0.602,-0.06
김하성,키움,2019.0,4.0,2,SS,9.0,35.0,6.0,10.0,7.0,2.0,0.0,1.0,3.0,15.0,7.0,2.0,0.0,6.0,1.0,1.0,9.0,0.0,0.0,0.0,0.323,0.425,0.56,0.238,0.986,0.331,21.0,1.381,0.467,0.068
김하성,키움,2019.0,6.0,3,SS,9.0,41.0,8.0,16.0,12.0,4.0,0.0,0.0,4.0,20.0,5.0,4.0,0.0,3.0,0.0,1.0,10.0,1.0,0.0,0.0,0.347,0.434,0.466,0.119,0.899,0.312,20.333,1.071,0.294,0.04
김하성,키움,2019.0,5.0,2,3B,9.0,37.0,8.0,13.0,8.0,4.0,0.0,1.0,5.0,20.0,10.0,1.0,0.0,5.0,0.0,1.0,2.0,1.0,0.0,1.0,0.347,0.432,0.464,0.117,0.896,0.311,17.0,1.072,0.469,0.052
김하성,키움,2019.0,5.0,2,SS,9.0,35.0,13.0,11.0,7.0,3.0,0.0,1.0,4.0,17.0,5.0,1.0,0.0,7.0,1.0,0.0,7.0,1.0,0.0,0.0,0.338,0.419,0.465,0.127,0.885,0.305,19.889,1.067,0.389,0.049
김하성,키움,2019.0,3.0,2,SS,9.0,35.0,7.0,13.0,8.0,3.0,0.0,2.0,5.0,22.0,5.0,3.0,1.0,5.0,2.0,0.0,5.0,0.0,0.0,0.0,0.336,0.429,0.483,0.148,0.913,0.314,18.222,1.003,0.55,0.025
김하성,키움,2019.0,5.0,3,SS,9.0,37.0,12.0,13.0,8.0,1.0,1.0,3.0,5.0,25.0,13.0,1.0,0.0,2.0,0.0,0.0,6.0,2.0,0.0,1.0,0.338,0.423,0.511,0.173,0.933,0.318,16.667,0.863,0.552,0.032
김하성,키움,2019.0,3.0,2,SS,9.0,32.0,6.0,10.0,6.0,4.0,0.0,0.0,4.0,14.0,6.0,3.0,0.0,6.0,0.0,0.0,7.0,0.0,0.0,2.0,0.336,0.416,0.52,0.184,0.936,0.317,16.444,1.212,0.391,0.064
김하성,키움,2019.0,5.0,2,3B,9.0,35.0,6.0,9.0,2.0,5.0,0.0,2.0,7.0,20.0,9.0,0.0,0.0,4.0,0.0,1.0,6.0,1.0,0.0,1.0,0.328,0.41,0.522,0.194,0.931,0.315,16.222,1.082,0.264,0.022
김하성,키움,2019.0,7.0,2,SS,9.0,35.0,8.0,9.0,6.0,1.0,0.0,2.0,3.0,16.0,4.0,3.0,1.0,5.0,0.0,0.0,3.0,1.0,0.0,0.0,0.319,0.402,0.524,0.205,0.927,0.312,17.111,0.862,0.054,0.004
김하성,키움,2019.0,5.0,2,SS,8.0,31.0,4.0,8.0,5.0,1.0,0.0,2.0,3.0,15.0,6.0,1.0,0.0,7.0,0.0,0.0,2.0,0.0,0.0,0.0,0.315,0.401,0.519,0.204,0.92,0.31,15.333,1.176,0.378,0.079
김하성,키움,2019.0,6.0,2,3B,8.0,30.0,9.0,11.0,8.0,2.0,0.0,1.0,3.0,16.0,7.0,1.0,0.0,1.0,1.0,0.0,7.0,0.0,0.0,0.0,0.316,0.401,0.521,0.205,0.922,0.311,12.556,1.31,0.51,0.052
김하성,키움,2019.0,6.0,2,SS,9.0,32.0,4.0,7.0,6.0,0.0,0.0,1.0,1.0,10.0,4.0,3.0,1.0,3.0,0.0,0.0,5.0,1.0,0.0,1.0,0.311,0.394,0.509,0.198,0.903,0.305,13.889,0.859,-0.247,-0.012
김하성,키움,2019.0,5.0,2,SS,9.0,35.0,9.0,11.0,9.0,0.0,1.0,1.0,2.0,16.0,7.0,3.0,0.0,5.0,2.0,0.0,4.0,2.0,0.0,0.0,0.307,0.392,0.496,0.189,0.888,0.3,15.333,1.098,0.453,0.011
김하성,키움,2019.0,4.0,2,SS,9.0,32.0,10.0,10.0,5.0,3.0,0.0,2.0,5.0,19.0,5.0,2.0,0.0,7.0,1.0,0.0,2.0,1.0,0.0,1.0,0.31,0.398,0.501,0.191,0.899,0.304,18.0,0.811,0.334,0.071
김하성,키움,2019.0,5.0,2,SS,9.0,40.0,5.0,10.0,6.0,3.0,0.0,1.0,4.0,16.0,8.0,2.0,0.0,1.0,1.0,0.0,5.0,2.0,0.0,0.0,0.308,0.394,0.502,0.194,0.896,0.303,15.333,0.941,0.079,-0.03
김하성,키움,2019.0,7.0,2,SS,9.0,37.0,2.0,12.0,9.0,3.0,0.0,0.0,3.0,15.0,7.0,1.0,1.0,4.0,0.0,0.0,2.0,1.0,0.0,0.0,0.307,0.391,0.498,0.191,0.889,0.301,16.556,1.087,0.222,-0.01
김하성,키움,2019.0,5.0,5,SS,9.0,35.0,6.0,11.0,8.0,2.0,0.0,1.0,3.0,16.0,6.0,6.0,0.0,4.0,0.0,1.0,7.0,0.0,1.0,0.0,0.312,0.395,0.497,0.185,0.892,0.302,15.111,1.19,0.779,0.06
김하성,키움,2019.0,7.0,2,SS,9.0,39.0,6.0,10.0,4.0,5.0,0.0,1.0,6.0,18.0,6.0,1.0,1.0,3.0,0.0,1.0,3.0,1.0,0.0,0.0,0.344,0.425,0.489,0.145,0.914,0.313,17.333,1.321,-0.006,0.037
김현수,LG,2019.0,5.0,3,LF,9.0,32.0,6.0,6.0,6.0,0.0,0.0,0.0,0.0,6.0,3.0,0.0,0.0,5.0,1.0,0.0,6.0,2.0,0.0,0.0,0.096,0.28,0.096,0.0,0.376,0.15,15.778,1.099,-0.272,0.012
김현수,LG,2019.0,4.0,3,LF,9.0,30.0,3.0,11.0,9.0,2.0,0.0,0.0,2.0,13.0,6.0,0.0,0.0,7.0,0.0,0.0,2.0,2.0,0.0,2.0,0.235,0.376,0.268,0.033,0.644,0.236,18.444,0.954,0.26,0.012
김현수,LG,2019.0,6.0,4,LF,9.0,32.0,3.0,12.0,9.0,3.0,0.0,0.0,3.0,15.0,3.0,0.0,0.0,2.0,1.0,0.0,5.0,1.0,0.0,1.0,0.289,0.402,0.336,0.047,0.738,0.265,17.111,0.95,0.326,0.042
김현수,LG,2019.0,8.0,3,LF,9.0,35.0,6.0,12.0,7.0,4.0,0.0,1.0,5.0,19.0,5.0,1.0,0.0,5.0,0.0,1.0,2.0,2.0,0.0,1.0,0.307,0.408,0.379,0.072,0.787,0.278,16.333,0.831,0.14,0.025
김현수,LG,2019.0,3.0,3,LF,9.0,36.0,3.0,9.0,7.0,2.0,0.0,0.0,2.0,11.0,3.0,0.0,0.0,1.0,1.0,0.0,3.0,0.0,0.0,0.0,0.302,0.391,0.389,0.087,0.78,0.273,15.0,0.95,-0.257,-0.027
김현수,LG,2019.0,3.0,3,LF,9.0,34.0,2.0,10.0,4.0,5.0,0.0,1.0,6.0,18.0,2.0,0.0,0.0,4.0,0.0,1.0,5.0,0.0,0.0,0.0,0.294,0.382,0.396,0.102,0.778,0.271,14.0,0.891,0.074,0.02
김현수,LG,2019.0,7.0,3,LF,9.0,38.0,6.0,13.0,9.0,4.0,0.0,0.0,4.0,17.0,5.0,0.0,0.0,2.0,1.0,0.0,2.0,0.0,0.0,0.0,0.292,0.376,0.397,0.105,0.773,0.268,17.222,0.929,0.011,0.02
김현수,LG,2019.0,6.0,3,LF,9.0,39.0,7.0,14.0,8.0,4.0,0.0,2.0,6.0,24.0,8.0,0.0,0.0,2.0,0.0,1.0,2.0,1.0,0.0,0.0,0.304,0.379,0.427,0.122,0.806,0.277,13.0,1.103,0.424,0.072
김현수,LG,2019.0,5.0,3,LF,9.0,33.0,5.0,10.0,8.0,1.0,0.0,1.0,2.0,14.0,9.0,0.0,0.0,6.0,0.0,3.0,3.0,0.0,0.0,1.0,0.312,0.385,0.448,0.136,0.833,0.285,16.0,1.353,0.488,0.102
김현수,LG,2019.0,4.0,4,LF,9.0,33.0,5.0,10.0,9.0,1.0,0.0,0.0,1.0,11.0,5.0,1.0,0.0,4.0,0.0,1.0,4.0,0.0,0.0,1.0,0.305,0.381,0.432,0.127,0.813,0.279,17.222,1.079,0.089,0.013
김현수,LG,2019.0,4.0,4,LF,9.0,30.0,5.0,10.0,7.0,3.0,0.0,0.0,3.0,13.0,6.0,1.0,0.0,5.0,0.0,0.0,2.0,0.0,0.0,2.0,0.307,0.382,0.427,0.12,0.808,0.278,15.778,0.872,0.294,0.025
김현수,LG,2019.0,5.0,3,LF,9.0,34.0,9.0,12.0,3.0,5.0,0.0,4.0,9.0,29.0,12.0,0.0,0.0,4.0,1.0,0.0,3.0,0.0,0.0,0.0,0.31,0.386,0.448,0.139,0.834,0.286,17.111,0.932,0.732,0.056
김현수,LG,2019.0,4.0,3,LF,9.0,38.0,7.0,19.0,14.0,5.0,0.0,0.0,5.0,24.0,8.0,0.0,0.0,3.0,0.0,1.0,2.0,0.0,0.0,1.0,0.322,0.394,0.475,0.153,0.869,0.296,15.889,1.112,0.784,0.075
김현수,LG,2019.0,5.0,4,LF,9.0,34.0,4.0,10.0,9.0,1.0,0.0,0.0,1.0,11.0,3.0,0.0,1.0,3.0,1.0,1.0,1.0,2.0,0.0,0.0,0.329,0.399,0.477,0.148,0.876,0.299,14.222,0.86,-0.102,-0.003
김현수,LG,2019.0,5.0,4,LF,9.0,35.0,3.0,11.0,10.0,1.0,0.0,0.0,1.0,12.0,7.0,1.0,0.0,3.0,0.0,2.0,2.0,1.0,0.0,1.0,0.323,0.392,0.461,0.138,0.853,0.292,14.667,1.062,0.254,0.022
김현수,LG,2019.0,5.0,4,1B,7.0,29.0,1.0,6.0,4.0,1.0,0.0,1.0,2.0,10.0,2.0,0.0,0.0,0.0,0.0,0.0,6.0,0.0,0.0,0.0,0.321,0.388,0.459,0.138,0.848,0.29,11.889,1.062,-0.547,-0.055
김현수,LG,2019.0,6.0,4,1B,9.0,37.0,5.0,8.0,6.0,1.0,0.0,1.0,2.0,12.0,4.0,0.0,0.0,2.0,0.0,0.0,5.0,1.0,0.0,0.0,0.315,0.38,0.451,0.137,0.832,0.284,15.111,0.953,-0.342,0.016
김현수,LG,2019.0,3.0,4,1B,9.0,34.0,0.0,4.0,4.0,0.0,0.0,0.0,0.0,4.0,2.0,0.0,0.0,2.0,0.0,0.0,6.0,1.0,0.0,0.0,0.207,0.288,0.267,0.06,0.554,0.196,12.444,1.013,-0.772,-0.064
민병헌,롯데,2019.0,4.0,1,CF,9.0,37.0,9.0,14.0,8.0,6.0,0.0,0.0,6.0,20.0,3.0,2.0,0.0,3.0,0.0,0.0,6.0,0.0,0.0,1.0,0.394,0.413,0.587,0.194,1.0,0.333,18.222,0.969,0.401,0.022
민병헌,롯데,2019.0,5.0,1,CF,7.0,31.0,7.0,17.0,16.0,1.0,0.0,0.0,1.0,18.0,3.0,3.0,1.0,6.0,2.0,0.0,4.0,0.0,0.0,0.0,0.437,0.483,0.559,0.122,1.042,0.357,16.333,1.081,0.867,0.077
민병헌,롯데,2019.0,4.0,1,CF,9.0,28.0,6.0,6.0,3.0,1.0,0.0,2.0,3.0,13.0,4.0,1.0,2.0,14.0,1.0,0.0,4.0,0.0,0.0,0.0,0.419,0.513,0.569,0.15,1.083,0.373,20.556,1.252,0.347,0.009
민병헌,롯데,2019.0,4.0,1,CF,9.0,38.0,9.0,13.0,8.0,3.0,0.0,2.0,5.0,22.0,11.0,3.0,0.0,6.0,0.0,0.0,5.0,2.0,0.0,1.0,0.368,0.481,0.524,0.156,1.006,0.348,17.444,1.063,0.672,0.003
민병헌,롯데,2019.0,4.0,1,CF,7.0,33.0,4.0,10.0,8.0,1.0,0.0,1.0,2.0,14.0,5.0,0.0,0.0,2.0,0.0,0.0,6.0,2.0,0.0,1.0,0.364,0.467,0.534,0.17,1.001,0.344,13.889,0.919,0.056,0.028
민병헌,롯데,2019.0,3.0,1,CF,8.0,35.0,5.0,10.0,8.0,1.0,1.0,0.0,2.0,13.0,2.0,1.0,0.0,1.0,0.0,0.0,4.0,0.0,0.0,0.0,0.352,0.443,0.508,0.157,0.951,0.326,13.333,0.987,-0.199,0.008
민병헌,롯데,2019.0,3.0,1,CF,8.0,33.0,2.0,7.0,4.0,3.0,0.0,0.0,3.0,10.0,2.0,1.0,0.0,3.0,0.0,0.0,5.0,1.0,1.0,0.0,0.332,0.418,0.482,0.15,0.901,0.309,15.222,1.257,-0.443,-0.047
민병헌,롯데,2019.0,5.0,1,CF,9.0,34.0,2.0,5.0,3.0,1.0,1.0,0.0,2.0,8.0,1.0,2.0,0.0,5.0,1.0,0.0,7.0,2.0,0.0,0.0,0.31,0.401,0.448,0.138,0.849,0.292,15.667,0.736,-0.39,-0.021
민병헌,롯데,2019.0,4.0,6,CF,9.0,30.0,3.0,9.0,6.0,1.0,1.0,1.0,3.0,15.0,3.0,0.0,0.0,3.0,0.0,0.0,7.0,1.0,0.0,0.0,0.306,0.395,0.443,0.137,0.838,0.288,11.778,0.734,0.0,0.008
민병헌,롯데,2019.0,2.0,1,CF,9.0,34.0,4.0,11.0,8.0,2.0,0.0,1.0,3.0,16.0,3.0,0.0,1.0,2.0,0.0,0.0,5.0,0.0,0.0,1.0,0.308,0.392,0.451,0.143,0.844,0.289,15.556,0.987,-0.14,-0.023
민병헌,롯데,2019.0,2.0,3,CF,9.0,34.0,4.0,12.0,6.0,4.0,0.0,2.0,6.0,22.0,6.0,1.0,1.0,0.0,1.0,0.0,2.0,1.0,0.0,0.0,0.308,0.389,0.456,0.148,0.845,0.289,11.667,0.851,0.451,0.027
민병헌,롯데,2019.0,4.0,3,CF,8.0,33.0,4.0,9.0,5.0,3.0,0.0,1.0,4.0,15.0,9.0,0.0,1.0,1.0,1.0,0.0,3.0,2.0,0.0,0.0,0.314,0.39,0.469,0.155,0.859,0.293,12.778,1.023,0.323,-0.012
박민우,NC,2019.0,4.0,1,2B,9.0,38.0,3.0,12.0,11.0,1.0,0.0,0.0,1.0,13.0,2.0,0.0,0.0,3.0,0.0,0.0,2.0,0.0,0.0,1.0,0.397,0.449,0.473,0.075,0.922,0.32,18.667,1.118,-0.176,-0.036
박민우,NC,2019.0,7.0,1,2B,8.0,34.0,9.0,14.0,12.0,2.0,0.0,0.0,2.0,16.0,6.0,1.0,1.0,3.0,1.0,0.0,3.0,0.0,0.0,1.0,0.343,0.391,0.394,0.052,0.786,0.275,17.778,0.939,0.336,0.047
박민우,NC,2019.0,4.0,1,2B,9.0,36.0,7.0,14.0,12.0,2.0,0.0,0.0,2.0,16.0,3.0,2.0,1.0,4.0,0.0,0.0,4.0,0.0,1.0,0.0,0.381,0.434,0.425,0.044,0.86,0.302,15.111,0.65,0.18,0.02
박민우,NC,2019.0,6.0,1,2B,9.0,37.0,12.0,14.0,13.0,1.0,0.0,0.0,1.0,15.0,0.0,3.0,0.0,4.0,0.0,0.0,2.0,1.0,0.0,0.0,0.368,0.424,0.419,0.051,0.843,0.296,17.556,0.927,0.28,0.022
박민우,NC,2019.0,3.0,1,2B,8.0,35.0,6.0,12.0,10.0,2.0,0.0,0.0,2.0,14.0,2.0,1.0,0.0,1.0,0.0,0.0,4.0,2.0,0.0,0.0,0.377,0.429,0.427,0.05,0.856,0.3,15.333,1.087,-0.319,-0.035
박민우,NC,2019.0,4.0,1,2B,8.0,33.0,4.0,8.0,6.0,2.0,0.0,0.0,2.0,10.0,0.0,1.0,0.0,2.0,0.0,0.0,3.0,2.0,0.0,0.0,0.357,0.405,0.406,0.049,0.811,0.284,12.556,1.118,-0.178,-0.041
박민우,NC,2019.0,1.0,1,2B,8.0,28.0,5.0,8.0,5.0,2.0,1.0,0.0,3.0,12.0,4.0,1.0,0.0,4.0,0.0,0.0,2.0,1.0,0.0,1.0,0.348,0.399,0.405,0.057,0.805,0.281,14.556,1.124,0.152,0.01
박민우,NC,2019.0,5.0,1,2B,9.0,32.0,9.0,9.0,7.0,2.0,0.0,0.0,2.0,11.0,5.0,3.0,0.0,6.0,2.0,0.0,3.0,1.0,0.0,2.0,0.342,0.398,0.403,0.061,0.801,0.28,17.333,1.081,0.111,-0.009
박민우,NC,2019.0,4.0,2,2B,8.0,37.0,8.0,13.0,10.0,2.0,1.0,0.0,3.0,17.0,4.0,2.0,0.0,1.0,0.0,0.0,3.0,2.0,0.0,1.0,0.338,0.396,0.399,0.06,0.795,0.278,16.222,1.257,-0.157,-0.012
박민우,NC,2019.0,5.0,2,2B,9.0,37.0,8.0,14.0,10.0,4.0,0.0,0.0,4.0,18.0,4.0,3.0,0.0,4.0,0.0,0.0,4.0,1.0,0.0,0.0,0.34,0.397,0.411,0.07,0.808,0.281,17.667,0.978,0.446,0.049
박민우,NC,2019.0,5.0,1,2B,8.0,28.0,6.0,10.0,7.0,1.0,1.0,1.0,3.0,16.0,5.0,1.0,2.0,5.0,1.0,1.0,1.0,1.0,0.0,1.0,0.343,0.403,0.415,0.072,0.818,0.285,12.889,1.263,0.408,0.088
박민우,NC,2019.0,6.0,1,2B,9.0,32.0,8.0,9.0,5.0,1.0,2.0,1.0,4.0,17.0,6.0,2.0,1.0,1.0,0.0,0.0,3.0,1.0,0.0,2.0,0.343,0.402,0.429,0.086,0.83,0.288,14.333,1.004,-0.106,-0.001
박민우,NC,2019.0,5.0,1,2B,8.0,31.0,6.0,11.0,6.0,3.0,2.0,0.0,5.0,18.0,3.0,0.0,2.0,3.0,2.0,0.0,3.0,0.0,0.0,0.0,0.338,0.399,0.432,0.094,0.831,0.288,16.333,0.917,0.178,0.025
박민우,NC,2019.0,6.0,3,2B,9.0,36.0,5.0,14.0,12.0,1.0,1.0,0.0,2.0,17.0,4.0,1.0,1.0,1.0,1.0,0.0,5.0,0.0,0.0,0.0,0.34,0.401,0.436,0.096,0.837,0.289,14.333,0.874,0.127,0.04
박민우,NC,2019.0,6.0,3,2B,8.0,33.0,7.0,10.0,9.0,0.0,1.0,0.0,1.0,12.0,4.0,0.0,0.0,2.0,1.0,0.0,1.0,0.0,1.0,0.0,0.341,0.4,0.436,0.095,0.836,0.289,15.889,1.079,-0.051,-0.001
박병호,키움,2019.0,4.0,3,1B,8.0,33.0,7.0,10.0,6.0,2.0,0.0,2.0,4.0,18.0,7.0,0.0,0.0,3.0,1.0,0.0,11.0,0.0,0.0,0.0,0.387,0.438,0.704,0.317,1.142,0.373,15.0,1.5,0.228,0.035
박병호,키움,2019.0,7.0,3,1B,8.0,22.0,8.0,8.0,5.0,2.0,0.0,1.0,3.0,13.0,4.0,0.0,1.0,14.0,1.0,1.0,6.0,0.0,0.0,1.0,0.315,0.454,0.562,0.247,1.016,0.345,18.667,1.111,0.813,0.076
박병호,키움,2019.0,6.0,3,DH,9.0,37.0,9.0,12.0,9.0,1.0,0.0,2.0,3.0,19.0,6.0,0.0,0.0,4.0,0.0,1.0,7.0,0.0,0.0,0.0,0.32,0.464,0.524,0.205,0.988,0.34,18.889,0.968,0.384,0.035
박병호,키움,2019.0,5.0,4,1B,9.0,36.0,9.0,18.0,10.0,4.0,0.0,4.0,8.0,34.0,13.0,0.0,0.0,5.0,2.0,1.0,8.0,2.0,0.0,0.0,0.357,0.476,0.617,0.26,1.093,0.368,17.0,1.106,1.159,0.065
박병호,키움,2019.0,3.0,4,1B,9.0,33.0,6.0,6.0,2.0,0.0,0.0,4.0,4.0,18.0,7.0,0.0,0.0,6.0,1.0,0.0,9.0,2.0,0.0,2.0,0.358,0.471,0.647,0.289,1.117,0.373,22.556,1.006,-0.179,-0.015
박병호,키움,2019.0,4.0,4,1B,9.0,29.0,7.0,4.0,2.0,0.0,0.0,2.0,2.0,10.0,3.0,0.0,0.0,8.0,1.0,1.0,10.0,1.0,0.0,0.0,0.317,0.436,0.586,0.268,1.022,0.343,18.0,0.837,0.083,0.006
박병호,키움,2019.0,3.0,4,1B,9.0,31.0,2.0,6.0,5.0,1.0,0.0,0.0,1.0,7.0,5.0,0.0,0.0,6.0,0.0,0.0,9.0,0.0,0.0,0.0,0.3,0.427,0.559,0.258,0.986,0.332,17.556,1.121,-0.118,-0.014
박병호,키움,2019.0,5.0,4,1B,9.0,32.0,5.0,7.0,3.0,1.0,0.0,3.0,4.0,17.0,7.0,0.0,0.0,6.0,1.0,0.0,9.0,0.0,0.0,0.0,0.286,0.413,0.531,0.245,0.944,0.319,19.889,1.038,0.2,0.026
박병호,키움,2019.0,6.0,4,1B,8.0,27.0,6.0,5.0,1.0,3.0,0.0,1.0,4.0,11.0,7.0,0.0,0.0,6.0,1.0,2.0,12.0,0.0,0.0,1.0,0.281,0.41,0.537,0.256,0.946,0.319,15.889,1.122,0.324,0.003
박병호,키움,2019.0,7.0,4,1B,8.0,32.0,6.0,11.0,7.0,3.0,0.0,1.0,4.0,17.0,7.0,0.0,0.0,1.0,1.0,0.0,6.0,0.0,0.0,0.0,0.283,0.407,0.532,0.249,0.939,0.316,13.444,0.801,0.312,0.024
박병호,키움,2019.0,4.0,4,1B,9.0,34.0,6.0,10.0,5.0,1.0,0.0,4.0,5.0,23.0,9.0,0.0,0.0,3.0,1.0,0.0,10.0,0.0,0.0,2.0,0.283,0.403,0.535,0.251,0.937,0.315,18.111,0.837,0.261,0.025
박병호,키움,2019.0,4.0,4,1B,9.0,34.0,10.0,7.0,3.0,0.0,0.0,4.0,4.0,19.0,9.0,0.0,0.0,4.0,2.0,0.0,5.0,0.0,0.0,2.0,0.28,0.395,0.538,0.258,0.933,0.312,17.556,0.866,-0.059,-0.058
박병호,키움,2019.0,6.0,4,1B,9.0,33.0,9.0,11.0,3.0,3.0,0.0,5.0,8.0,29.0,14.0,0.0,0.0,9.0,0.0,0.0,8.0,2.0,0.0,0.0,0.278,0.395,0.544,0.266,0.938,0.313,19.556,0.896,0.967,0.03
박병호,키움,2019.0,7.0,4,1B,9.0,31.0,9.0,7.0,4.0,0.0,0.0,3.0,3.0,16.0,8.0,0.0,0.0,7.0,1.0,0.0,10.0,1.0,0.0,1.0,0.281,0.399,0.563,0.282,0.962,0.32,19.556,1.073,0.158,0.0
박병호,키움,2019.0,5.0,4,1B,9.0,30.0,4.0,8.0,4.0,2.0,0.0,2.0,4.0,16.0,4.0,0.0,0.0,4.0,2.0,0.0,12.0,0.0,0.0,1.0,0.28,0.399,0.563,0.283,0.962,0.32,16.333,1.261,0.136,0.027
박병호,키움,2019.0,8.0,4,1B,9.0,33.0,6.0,9.0,6.0,0.0,0.0,3.0,3.0,18.0,7.0,0.0,0.0,5.0,3.0,2.0,12.0,0.0,0.0,0.0,0.216,0.338,0.55,0.334,0.888,0.29,17.222,1.208,0.419,0.024
양의지,NC,2019.0,6.0,4,C,9.0,31.0,8.0,11.0,4.0,3.0,0.0,4.0,7.0,26.0,8.0,1.0,0.0,5.0,1.0,0.0,8.0,3.0,0.0,0.0,0.31,0.415,0.871,0.561,1.285,0.404,15.667,1.013,0.384,0.055
양의지,NC,2019.0,7.0,4,C,7.0,26.0,6.0,11.0,6.0,4.0,0.0,1.0,5.0,18.0,9.0,0.0,0.0,3.0,1.0,0.0,4.0,0.0,0.0,1.0,0.368,0.463,0.779,0.411,1.242,0.403,12.889,1.229,0.641,0.075
양의지,NC,2019.0,4.0,4,C,9.0,34.0,5.0,10.0,5.0,3.0,0.0,2.0,5.0,19.0,5.0,1.0,0.0,2.0,2.0,0.0,5.0,2.0,0.0,1.0,0.37,0.455,0.719,0.348,1.174,0.385,16.444,1.144,-0.246,-0.045
양의지,NC,2019.0,7.0,4,C,9.0,30.0,4.0,12.0,10.0,0.0,0.0,2.0,2.0,18.0,9.0,0.0,1.0,9.0,2.0,0.0,5.0,0.0,0.0,1.0,0.36,0.451,0.675,0.314,1.125,0.372,18.111,0.898,0.83,0.017
양의지,NC,2019.0,3.0,4,C,9.0,30.0,4.0,13.0,12.0,0.0,0.0,1.0,1.0,16.0,3.0,0.0,1.0,3.0,2.0,1.0,0.0,0.0,0.0,0.0,0.372,0.475,0.65,0.278,1.126,0.377,12.778,0.836,0.543,0.022
양의지,NC,2019.0,5.0,4,DH,7.0,27.0,5.0,11.0,7.0,3.0,0.0,1.0,4.0,17.0,5.0,0.0,0.0,4.0,0.0,0.0,0.0,1.0,0.0,0.0,0.378,0.479,0.634,0.256,1.113,0.374,12.778,0.826,0.572,0.036
양의지,NC,2019.0,3.0,4,C,9.0,33.0,3.0,11.0,6.0,2.0,0.0,3.0,5.0,22.0,5.0,0.0,0.0,2.0,0.0,1.0,4.0,2.0,0.0,0.0,0.375,0.47,0.636,0.261,1.106,0.371,13.778,0.948,-0.036,-0.002
양의지,NC,2019.0,4.0,4,C,9.0,30.0,3.0,11.0,9.0,2.0,0.0,0.0,2.0,13.0,3.0,0.0,0.0,5.0,2.0,1.0,3.0,0.0,0.0,1.0,0.374,0.466,0.619,0.245,1.085,0.364,17.0,0.946,-0.01,-0.012
양의지,NC,2019.0,2.0,4,C,9.0,32.0,2.0,10.0,9.0,1.0,0.0,0.0,1.0,11.0,2.0,0.0,0.0,1.0,0.0,0.0,3.0,0.0,0.0,0.0,0.358,0.448,0.575,0.218,1.024,0.346,13.556,0.94,-0.167,-0.031
양의지,NC,2019.0,5.0,4,C,6.0,21.0,4.0,7.0,4.0,2.0,0.0,1.0,3.0,12.0,3.0,0.0,1.0,4.0,2.0,1.0,4.0,2.0,0.0,0.0,0.355,0.445,0.566,0.211,1.011,0.342,11.667,0.924,0.204,0.017
양의지,NC,2019.0,4.0,4,C,9.0,33.0,7.0,15.0,8.0,5.0,0.0,2.0,7.0,26.0,7.0,0.0,1.0,3.0,1.0,0.0,2.0,0.0,0.0,0.0,0.359,0.449,0.573,0.214,1.022,0.345,14.444,1.058,0.801,0.06
양의지,NC,2019.0,5.0,4,C,9.0,34.0,6.0,13.0,9.0,2.0,0.0,2.0,4.0,21.0,6.0,0.0,0.0,3.0,0.0,0.0,4.0,0.0,0.0,2.0,0.366,0.452,0.588,0.222,1.04,0.35,16.111,0.899,0.383,0.046
양의지,NC,2019.0,4.0,4,C,9.0,32.0,5.0,9.0,6.0,1.0,0.0,2.0,3.0,16.0,4.0,0.0,0.0,2.0,1.0,1.0,3.0,1.0,0.0,2.0,0.36,0.442,0.577,0.217,1.019,0.343,12.667,0.981,-0.287,-0.037
양의지,NC,2019.0,8.0,4,C,8.0,29.0,8.0,13.0,6.0,5.0,0.0,2.0,7.0,24.0,6.0,2.0,0.0,5.0,0.0,0.0,2.0,2.0,0.0,0.0,0.357,0.44,0.576,0.219,1.016,0.342,14.889,0.819,0.539,0.059
이정후,키움,2019.0,4.0,1,LF,8.0,36.0,5.0,9.0,6.0,3.0,0.0,0.0,3.0,12.0,1.0,0.0,0.0,5.0,0.0,0.0,2.0,0.0,0.0,0.0,0.221,0.286,0.277,0.056,0.563,0.198,20.222,1.153,0.102,-0.002
이정후,키움,2019.0,6.0,1,CF,9.0,39.0,5.0,10.0,8.0,0.0,1.0,1.0,2.0,15.0,4.0,1.0,0.0,4.0,0.0,0.0,6.0,2.0,0.0,0.0,0.239,0.335,0.307,0.068,0.642,0.228,19.111,0.903,-0.246,0.041
이정후,키움,2019.0,5.0,1,CF,7.0,38.0,5.0,12.0,7.0,2.0,2.0,1.0,5.0,21.0,8.0,2.0,0.0,1.0,0.0,0.0,4.0,2.0,0.0,0.0,0.264,0.339,0.376,0.113,0.716,0.247,14.111,1.536,0.123,0.036
이정후,키움,2019.0,7.0,1,LF,9.0,43.0,6.0,15.0,11.0,3.0,1.0,0.0,4.0,20.0,6.0,1.0,0.0,1.0,0.0,0.0,4.0,1.0,0.0,0.0,0.279,0.334,0.39,0.112,0.725,0.248,17.444,0.996,0.361,0.039
이정후,키움,2019.0,5.0,1,LF,9.0,39.0,10.0,14.0,9.0,3.0,1.0,1.0,5.0,22.0,5.0,2.0,1.0,4.0,0.0,0.0,3.0,1.0,0.0,0.0,0.296,0.349,0.42,0.124,0.768,0.262,16.778,0.991,0.339,0.009
이정후,키움,2019.0,4.0,1,LF,8.0,37.0,6.0,13.0,9.0,3.0,0.0,1.0,4.0,19.0,4.0,0.0,0.0,3.0,0.0,0.0,3.0,0.0,0.0,0.0,0.307,0.357,0.433,0.126,0.79,0.269,18.111,0.696,0.327,0.008
이정후,키움,2019.0,3.0,1,LF,9.0,38.0,5.0,12.0,7.0,3.0,1.0,1.0,5.0,20.0,2.0,0.0,1.0,2.0,0.0,0.0,5.0,0.0,0.0,0.0,0.317,0.367,0.461,0.143,0.827,0.28,17.444,1.05,0.042,0.028
이정후,키움,2019.0,5.0,1,RF,9.0,35.0,5.0,11.0,10.0,0.0,0.0,1.0,1.0,14.0,3.0,1.0,1.0,3.0,1.0,0.0,5.0,1.0,1.0,0.0,0.312,0.367,0.451,0.139,0.818,0.278,16.333,0.838,-0.201,-0.021
이정후,키움,2019.0,8.0,3,RF,9.0,36.0,6.0,14.0,12.0,2.0,0.0,0.0,2.0,16.0,3.0,2.0,0.0,3.0,1.0,0.0,2.0,0.0,1.0,0.0,0.314,0.368,0.448,0.134,0.817,0.278,15.889,0.987,0.602,0.046
이정후,키움,2019.0,8.0,3,RF,9.0,35.0,8.0,15.0,13.0,1.0,1.0,0.0,2.0,18.0,3.0,2.0,0.0,1.0,0.0,0.0,1.0,0.0,0.0,0.0,0.324,0.377,0.45,0.127,0.828,0.282,13.333,0.759,0.366,0.057
이정후,키움,2019.0,7.0,1,LF,8.0,36.0,5.0,14.0,11.0,1.0,2.0,0.0,3.0,19.0,9.0,0.0,0.0,1.0,0.0,0.0,2.0,2.0,0.0,0.0,0.327,0.378,0.451,0.124,0.829,0.283,13.889,1.054,0.374,-0.004
이정후,키움,2019.0,6.0,1,LF,9.0,30.0,1.0,5.0,2.0,1.0,2.0,0.0,3.0,10.0,5.0,1.0,2.0,5.0,1.0,0.0,4.0,0.0,1.0,1.0,0.325,0.377,0.451,0.127,0.828,0.282,15.333,0.919,-0.162,0.003
이정후,키움,2019.0,4.0,1,LF,9.0,37.0,4.0,13.0,9.0,3.0,1.0,0.0,4.0,18.0,7.0,0.0,0.0,2.0,0.0,0.0,1.0,0.0,0.0,2.0,0.322,0.374,0.448,0.126,0.822,0.28,16.333,0.984,0.412,0.003
이정후,키움,2019.0,5.0,1,LF,9.0,39.0,8.0,15.0,11.0,2.0,1.0,1.0,4.0,22.0,8.0,1.0,1.0,2.0,1.0,0.0,2.0,0.0,0.0,1.0,0.331,0.38,0.461,0.13,0.841,0.286,17.111,1.019,0.338,0.005
이정후,키움,2019.0,4.0,3,CF,9.0,41.0,8.0,10.0,8.0,2.0,0.0,0.0,2.0,12.0,3.0,0.0,0.0,4.0,0.0,0.0,2.0,2.0,0.0,0.0,0.331,0.38,0.462,0.131,0.842,0.286,18.333,1.062,-0.461,-0.074
이정후,키움,2019.0,6.0,3,CF,9.0,36.0,5.0,12.0,9.0,3.0,0.0,0.0,3.0,15.0,1.0,0.0,1.0,3.0,0.0,0.0,3.0,3.0,0.0,0.0,0.326,0.376,0.452,0.126,0.829,0.282,17.111,1.211,-0.417,-0.037
이정후,키움,2019.0,6.0,3,CF,9.0,36.0,8.0,17.0,16.0,1.0,0.0,0.0,1.0,18.0,4.0,0.0,0.0,5.0,0.0,0.0,1.0,2.0,0.0,0.0,0.337,0.388,0.461,0.124,0.849,0.29,18.222,0.974,0.361,0.036
이정후,키움,2019.0,7.0,3,CF,9.0,34.0,8.0,10.0,9.0,1.0,0.0,0.0,1.0,11.0,5.0,1.0,0.0,3.0,1.0,0.0,3.0,2.0,0.0,1.0,0.282,0.342,0.335,0.053,0.677,0.238,16.889,1.2,-0.078,0.001
