RES,ORD,P,SP,AB,R,H,2B,3B,HR,TB,RBI,SB,CS,BB,HBP,IBB,SO,GDP,SH,SF,AVG,OBP,SLG,OPS,PN,avLI,RE24,WPA,PLAYER,TEAM,YEAR,B,GPA,BB/K,ISOP,XBH
5.0,3,RF,9.0,35.0,7.0,16.0,4.0,0.0,2.0,26.0,7.0,1.0,0.0,3.0,0.0,0.0,4.0,1.0,0.0,0.0,0.358,0.371,0.796,1.168,16.222,1.039,0.587,0.069,박건우,두산,2021.0,10.0,0.366,0.75,0.438,6.0
5.0,3,RF,9.0,31.0,8.0,11.0,1.0,0.0,0.0,12.0,4.0,0.0,0.0,5.0,0.0,0.0,4.0,1.0,0.0,0.0,0.421,0.471,0.633,1.103,14.0,0.961,-0.048,0.015,박건우,두산,2021.0,10.0,0.37,1.25,0.212,1.0
5.0,3,CF,9.0,25.0,1.0,5.0,1.0,0.0,0.0,6.0,5.0,0.0,0.0,5.0,2.0,0.0,3.0,3.0,0.0,2.0,0.382,0.454,0.523,0.977,14.778,1.081,-0.377,-0.06,박건우,두산,2021.0,4.0,0.335,1.667,0.141,1.0
5.0,3,CF,8.0,36.0,7.0,14.0,4.0,0.0,0.0,18.0,6.0,1.0,0.0,1.0,1.0,0.0,6.0,1.0,0.0,0.0,0.366,0.433,0.494,0.927,15.333,1.016,0.268,-0.0,박건우,두산,2021.0,10.0,0.318,0.167,0.128,4.0
3.0,3,CF,9.0,32.0,4.0,6.0,0.0,0.0,0.0,6.0,4.0,1.0,0.0,5.0,0.0,0.0,5.0,1.0,0.0,0.0,0.351,0.419,0.463,0.882,15.889,1.106,0.057,-0.006,박건우,두산,2021.0,6.0,0.304,1.0,0.112,0.0
2.0,3,CF,8.0,34.0,4.0,9.0,4.0,0.0,0.0,13.0,4.0,1.0,0.0,3.0,0.0,0.0,4.0,0.0,0.0,0.0,0.333,0.408,0.439,0.847,16.556,0.891,0.287,0.009,박건우,두산,2021.0,5.0,0.293,0.75,0.105,4.0
4.0,3,RF,9.0,35.0,5.0,13.0,3.0,0.0,0.0,16.0,7.0,2.0,0.0,2.0,0.0,0.0,6.0,4.0,0.0,1.0,0.336,0.406,0.437,0.844,14.444,1.097,0.247,-0.006,박건우,두산,2021.0,10.0,0.292,0.333,0.101,3.0
6.0,3,LF,9.0,30.0,2.0,8.0,0.0,0.0,1.0,11.0,5.0,0.0,0.0,7.0,0.0,2.0,4.0,0.0,0.0,1.0,0.268,0.357,0.279,0.636,18.333,1.298,-0.071,-0.012,김현수,LG,2021.0,7.0,0.23,1.75,0.011,1.0
5.0,3,LF,9.0,34.0,4.0,9.0,1.0,0.0,3.0,19.0,7.0,0.0,0.0,5.0,0.0,0.0,5.0,1.0,0.0,0.0,0.263,0.373,0.384,0.757,18.556,1.053,0.367,0.046,김현수,LG,2021.0,5.0,0.264,1.0,0.12,4.0
4.0,3,LF,9.0,34.0,3.0,13.0,3.0,0.0,2.0,22.0,10.0,0.0,0.0,4.0,0.0,0.0,4.0,0.0,0.0,1.0,0.283,0.382,0.466,0.848,16.0,1.058,0.63,0.119,김현수,LG,2021.0,8.0,0.289,1.0,0.183,5.0
6.0,3,LF,9.0,32.0,10.0,15.0,4.0,0.0,2.0,25.0,9.0,0.0,0.0,9.0,0.0,0.0,0.0,0.0,0.0,1.0,0.326,0.421,0.536,0.957,19.778,0.798,1.151,0.087,김현수,LG,2021.0,9.0,0.323,inf,0.21,6.0
4.0,3,LF,9.0,31.0,3.0,8.0,1.0,0.0,1.0,12.0,5.0,0.0,0.0,2.0,1.0,0.0,3.0,0.0,0.0,2.0,0.323,0.418,0.522,0.941,13.556,1.13,-0.304,0.04,김현수,LG,2021.0,6.0,0.319,0.667,0.199,2.0
5.0,3,DH,9.0,34.0,7.0,12.0,1.0,0.0,1.0,16.0,2.0,0.0,0.0,3.0,1.0,1.0,6.0,1.0,0.0,0.0,0.321,0.41,0.51,0.92,14.889,0.867,0.017,-0.016,김현수,LG,2021.0,10.0,0.312,0.5,0.189,2.0
6.0,3,DH,9.0,33.0,3.0,8.0,1.0,0.0,0.0,9.0,0.0,0.0,0.0,4.0,0.0,0.0,4.0,1.0,0.0,0.0,0.319,0.407,0.493,0.9,15.333,1.134,-0.276,-0.01,김현수,LG,2021.0,7.0,0.306,1.0,0.173,1.0
5.0,3,DH,9.0,33.0,8.0,7.0,3.0,0.0,3.0,19.0,9.0,0.0,0.0,6.0,0.0,0.0,0.0,2.0,0.0,0.0,0.307,0.397,0.478,0.874,15.0,0.987,0.194,0.019,김현수,LG,2021.0,1.0,0.298,inf,0.171,6.0
2.0,3,DH,9.0,35.0,7.0,6.0,1.0,0.0,1.0,10.0,8.0,1.0,0.0,3.0,1.0,0.0,2.0,1.0,0.0,0.0,0.301,0.392,0.491,0.883,14.778,0.984,0.097,-0.0,김현수,LG,2021.0,4.0,0.299,1.5,0.189,2.0
5.0,3,CF,9.0,35.0,9.0,11.0,2.0,1.0,0.0,15.0,8.0,1.0,0.0,7.0,1.0,0.0,3.0,0.0,0.0,0.0,0.262,0.379,0.36,0.739,19.444,1.069,0.343,0.029,이정후,키움,2021.0,8.0,0.261,2.333,0.098,3.0
2.0,3,CF,9.0,34.0,6.0,9.0,1.0,0.0,0.0,10.0,4.0,2.0,0.0,5.0,0.0,0.0,2.0,3.0,0.0,0.0,0.284,0.398,0.38,0.778,17.667,0.88,-0.096,-0.031,이정후,키움,2021.0,8.0,0.274,2.5,0.096,1.0
6.0,2,CF,9.0,37.0,6.0,11.0,2.0,1.0,0.0,15.0,5.0,2.0,2.0,6.0,0.0,0.0,6.0,0.0,0.0,1.0,0.276,0.386,0.355,0.741,20.556,0.864,0.27,-0.002,이정후,키움,2021.0,8.0,0.262,1.0,0.079,3.0
4.0,3,CF,9.0,34.0,7.0,14.0,5.0,2.0,0.0,23.0,10.0,1.0,0.0,7.0,2.0,0.0,4.0,1.0,0.0,0.0,0.302,0.407,0.421,0.828,18.444,0.989,0.93,0.043,이정후,키움,2021.0,7.0,0.289,1.75,0.119,7.0
8.0,3,CF,9.0,34.0,11.0,20.0,6.0,0.0,1.0,29.0,9.0,1.0,0.0,5.0,0.0,0.0,1.0,0.0,0.0,2.0,0.344,0.445,0.481,0.926,16.889,0.607,1.057,0.052,이정후,키움,2021.0,13.0,0.321,5.0,0.137,7.0
4.0,3,CF,9.0,32.0,6.0,10.0,3.0,1.0,0.0,15.0,5.0,0.0,0.0,3.0,1.0,0.0,1.0,1.0,0.0,1.0,0.358,0.449,0.514,0.963,15.111,0.719,0.143,0.01,이정후,키움,2021.0,6.0,0.331,3.0,0.156,4.0
3.0,3,CF,8.0,31.0,7.0,11.0,4.0,1.0,0.0,17.0,2.0,0.0,0.0,7.0,0.0,0.0,2.0,1.0,0.0,0.0,0.35,0.445,0.507,0.952,18.333,0.789,0.261,0.038,이정후,키움,2021.0,6.0,0.327,3.5,0.157,5.0
3.0,3,CF,9.0,34.0,7.0,14.0,5.0,0.0,1.0,22.0,4.0,1.0,1.0,5.0,0.0,1.0,3.0,0.0,0.0,1.0,0.354,0.45,0.512,0.962,15.889,0.983,0.487,0.058,이정후,키움,2021.0,8.0,0.33,1.667,0.159,6.0
7.0,3,CF,9.0,37.0,3.0,9.0,3.0,0.0,1.0,15.0,9.0,1.0,0.0,5.0,0.0,0.0,2.0,1.0,0.0,2.0,0.345,0.438,0.513,0.951,17.889,0.899,0.103,0.029,이정후,키움,2021.0,5.0,0.325,2.5,0.168,4.0
5.0,3,CF,9.0,32.0,3.0,10.0,1.0,0.0,1.0,14.0,6.0,2.0,1.0,5.0,0.0,1.0,6.0,0.0,0.0,1.0,0.411,0.449,0.508,0.957,18.778,1.016,0.163,0.015,박해민,삼성,2021.0,8.0,0.329,0.833,0.097,2.0
5.0,3,CF,9.0,33.0,6.0,6.0,1.0,0.0,0.0,7.0,6.0,3.0,1.0,5.0,0.0,0.0,3.0,0.0,1.0,2.0,0.28,0.366,0.381,0.748,18.778,0.84,-0.113,-0.004,박해민,삼성,2021.0,5.0,0.26,1.667,0.101,1.0
6.0,5,CF,8.0,30.0,3.0,6.0,0.0,0.0,0.0,6.0,1.0,1.0,2.0,3.0,0.0,0.0,5.0,0.0,1.0,0.0,0.261,0.339,0.328,0.667,14.444,0.772,-0.398,-0.004,박해민,삼성,2021.0,6.0,0.234,0.6,0.067,0.0
6.0,5,CF,9.0,34.0,7.0,12.0,2.0,0.0,0.0,14.0,4.0,5.0,2.0,5.0,0.0,1.0,7.0,0.0,0.0,1.0,0.26,0.341,0.317,0.658,19.111,1.181,0.423,0.05,박해민,삼성,2021.0,10.0,0.233,0.714,0.057,2.0
4.0,1,CF,8.0,30.0,6.0,14.0,4.0,0.0,0.0,18.0,3.0,5.0,1.0,4.0,0.0,0.0,2.0,0.0,2.0,0.0,0.303,0.378,0.373,0.751,17.222,0.966,0.317,0.019,박해민,삼성,2021.0,10.0,0.263,2.0,0.07,4.0
5.0,1,CF,9.0,32.0,7.0,9.0,1.0,0.0,2.0,16.0,8.0,6.0,0.0,6.0,0.0,0.0,7.0,0.0,0.0,0.0,0.305,0.386,0.396,0.782,21.444,0.763,0.371,0.072,박해민,삼성,2021.0,6.0,0.273,0.857,0.091,3.0
7.0,1,CF,9.0,36.0,8.0,9.0,2.0,1.0,0.0,13.0,0.0,2.0,0.0,5.0,0.0,0.0,8.0,0.0,0.0,0.0,0.295,0.383,0.392,0.775,18.444,0.814,0.019,0.032,박해민,삼성,2021.0,6.0,0.27,0.625,0.098,3.0
5.0,1,CF,9.0,34.0,8.0,12.0,3.0,0.0,0.0,15.0,4.0,5.0,0.0,4.0,0.0,0.0,6.0,0.0,1.0,0.0,0.301,0.385,0.407,0.791,20.778,0.813,0.393,0.009,박해민,삼성,2021.0,9.0,0.275,0.667,0.105,3.0
3.0,1,CF,7.0,29.0,3.0,9.0,1.0,0.0,0.0,10.0,3.0,4.0,0.0,3.0,2.0,0.0,4.0,0.0,2.0,0.0,0.304,0.387,0.405,0.793,15.556,1.077,0.061,0.006,박해민,삼성,2021.0,8.0,0.276,0.75,0.101,1.0
3.0,4,1B,9.0,35.0,1.0,13.0,0.0,1.0,0.0,15.0,5.0,2.0,0.0,4.0,0.0,0.0,5.0,3.0,0.0,0.0,0.453,0.519,0.495,1.014,18.222,1.276,0.114,-0.002,강백호,KT,2021.0,12.0,0.357,0.8,0.043,1.0
6.0,3,1B,9.0,35.0,7.0,14.0,2.0,0.0,1.0,19.0,8.0,0.0,0.0,6.0,0.0,2.0,2.0,0.0,0.0,2.0,0.394,0.471,0.485,0.955,17.556,0.971,0.541,0.06,강백호,KT,2021.0,11.0,0.333,3.0,0.091,3.0
4.0,3,1B,9.0,36.0,3.0,17.0,3.0,0.0,1.0,23.0,14.0,0.0,0.0,4.0,0.0,0.0,4.0,0.0,0.0,1.0,0.405,0.459,0.54,0.999,19.0,0.922,0.856,0.055,강백호,KT,2021.0,13.0,0.341,1.0,0.135,4.0
3.0,3,1B,9.0,33.0,6.0,11.0,3.0,0.0,2.0,20.0,10.0,0.0,0.0,5.0,0.0,0.0,4.0,0.0,0.0,0.0,0.404,0.467,0.553,1.019,18.0,1.061,0.553,0.013,강백호,KT,2021.0,6.0,0.348,1.25,0.149,5.0
5.0,3,1B,8.0,34.0,2.0,12.0,2.0,0.0,1.0,17.0,9.0,0.0,2.0,6.0,0.0,1.0,10.0,0.0,0.0,0.0,0.403,0.469,0.573,1.042,21.444,1.072,0.346,0.078,강백호,KT,2021.0,9.0,0.354,0.6,0.17,3.0
5.0,3,1B,8.0,31.0,8.0,17.0,3.0,0.0,2.0,26.0,5.0,2.0,0.0,9.0,0.0,1.0,3.0,1.0,0.0,0.0,0.411,0.487,0.591,1.079,18.556,1.129,0.888,0.106,강백호,KT,2021.0,12.0,0.367,3.0,0.18,5.0
5.0,3,1B,9.0,37.0,6.0,13.0,3.0,0.0,0.0,16.0,1.0,1.0,0.0,5.0,0.0,1.0,6.0,0.0,0.0,0.0,0.407,0.486,0.581,1.067,20.556,0.794,0.34,0.027,강백호,KT,2021.0,10.0,0.364,0.833,0.174,3.0
5.0,3,1B,9.0,25.0,5.0,7.0,0.0,0.0,0.0,7.0,2.0,2.0,0.0,9.0,0.0,2.0,5.0,0.0,0.0,0.0,0.399,0.481,0.56,1.04,17.222,1.074,0.102,0.032,강백호,KT,2021.0,7.0,0.356,1.8,0.161,0.0
8.0,3,1B,9.0,25.0,8.0,10.0,3.0,0.0,2.0,19.0,9.0,0.0,0.0,11.0,0.0,1.0,8.0,0.0,0.0,0.0,0.398,0.494,0.572,1.066,19.556,0.771,1.14,0.069,강백호,KT,2021.0,5.0,0.365,1.375,0.174,5.0
3.0,2,3B,9.0,34.0,4.0,7.0,0.0,0.0,1.0,10.0,4.0,0.0,0.0,7.0,0.0,0.0,9.0,0.0,0.0,0.0,0.25,0.334,0.336,0.67,21.222,1.172,-0.048,-0.033,황재균,KT,2021.0,6.0,0.234,0.778,0.086,1.0
6.0,6,3B,9.0,36.0,8.0,14.0,2.0,1.0,0.0,18.0,5.0,1.0,0.0,5.0,0.0,0.0,7.0,0.0,0.0,0.0,0.258,0.391,0.337,0.728,21.667,1.172,0.173,0.013,황재균,KT,2021.0,11.0,0.26,0.714,0.079,3.0
2.0,2,3B,9.0,37.0,8.0,12.0,1.0,1.0,0.0,15.0,2.0,3.0,0.0,2.0,1.0,0.0,3.0,3.0,0.0,0.0,0.319,0.415,0.411,0.826,16.111,0.833,-0.26,-0.028,황재균,KT,2021.0,10.0,0.289,0.667,0.092,2.0
5.0,2,3B,9.0,32.0,7.0,10.0,1.0,0.0,3.0,20.0,7.0,0.0,2.0,5.0,0.0,0.0,6.0,1.0,0.0,0.0,0.317,0.407,0.434,0.841,18.0,0.961,0.322,0.031,황재균,KT,2021.0,6.0,0.291,0.833,0.117,4.0
8.0,2,3B,9.0,34.0,5.0,10.0,1.0,0.0,2.0,17.0,11.0,1.0,1.0,3.0,0.0,0.0,6.0,1.0,0.0,0.0,0.309,0.399,0.454,0.852,18.0,1.114,0.439,-0.006,황재균,KT,2021.0,7.0,0.293,0.5,0.145,3.0
5.0,2,3B,8.0,32.0,8.0,11.0,1.0,0.0,1.0,15.0,6.0,0.0,2.0,1.0,0.0,0.0,5.0,0.0,0.0,0.0,0.313,0.392,0.47,0.862,15.0,0.866,0.474,0.041,황재균,KT,2021.0,9.0,0.294,0.2,0.157,2.0
6.0,9,SS,9.0,28.0,6.0,6.0,3.0,0.0,1.0,12.0,6.0,2.0,1.0,8.0,0.0,0.0,6.0,1.0,0.0,1.0,0.184,0.413,0.335,0.748,16.222,0.867,0.412,0.061,오지환,LG,2021.0,2.0,0.27,1.333,0.151,4.0
5.0,9,SS,9.0,28.0,3.0,5.0,1.0,0.0,0.0,6.0,4.0,1.0,0.0,5.0,1.0,0.0,9.0,0.0,1.0,1.0,0.193,0.354,0.351,0.705,16.556,1.133,-0.003,-0.024,오지환,LG,2021.0,4.0,0.247,0.556,0.158,1.0
4.0,2,SS,9.0,36.0,4.0,9.0,1.0,0.0,1.0,13.0,4.0,0.0,0.0,4.0,0.0,0.0,4.0,2.0,0.0,0.0,0.199,0.348,0.336,0.684,17.667,1.162,-0.084,-0.02,오지환,LG,2021.0,7.0,0.241,1.0,0.137,2.0
6.0,2,SS,9.0,39.0,3.0,13.0,1.0,0.0,0.0,14.0,4.0,0.0,0.0,1.0,1.0,0.0,7.0,1.0,1.0,0.0,0.218,0.331,0.319,0.651,18.222,0.912,-0.144,-0.004,오지환,LG,2021.0,12.0,0.229,0.143,0.102,1.0
6.0,2,SS,9.0,29.0,2.0,3.0,1.0,1.0,0.0,6.0,2.0,0.0,0.0,4.0,1.0,0.0,5.0,0.0,1.0,0.0,0.225,0.336,0.32,0.655,14.889,0.933,-0.191,-0.031,오지환,LG,2021.0,1.0,0.231,0.8,0.094,2.0
6.0,2,SS,9.0,35.0,4.0,9.0,4.0,0.0,0.0,13.0,4.0,0.0,0.0,2.0,1.0,0.0,12.0,0.0,0.0,0.0,0.229,0.33,0.333,0.663,15.0,0.97,-0.024,-0.018,오지환,LG,2021.0,5.0,0.232,0.167,0.104,4.0
6.0,6,SS,9.0,33.0,4.0,10.0,1.0,0.0,0.0,11.0,6.0,0.0,0.0,1.0,1.0,0.0,3.0,0.0,0.0,1.0,0.235,0.327,0.33,0.657,13.111,0.931,0.078,0.036,오지환,LG,2021.0,9.0,0.23,0.333,0.095,1.0
2.0,5,SS,9.0,31.0,4.0,8.0,0.0,0.0,3.0,17.0,9.0,2.0,0.0,6.0,0.0,0.0,4.0,0.0,0.0,0.0,0.237,0.328,0.339,0.667,15.778,0.921,0.689,0.075,오지환,LG,2021.0,5.0,0.232,1.5,0.102,3.0
5.0,2,SS,9.0,38.0,9.0,10.0,3.0,0.0,0.0,13.0,4.0,6.0,0.0,6.0,0.0,1.0,7.0,0.0,0.0,1.0,0.302,0.37,0.366,0.737,18.556,1.067,-0.067,-0.031,김혜성,키움,2021.0,7.0,0.258,0.857,0.064,3.0
2.0,2,SS,9.0,31.0,5.0,5.0,1.0,0.0,0.0,6.0,2.0,3.0,0.0,6.0,0.0,0.0,9.0,0.0,0.0,1.0,0.235,0.326,0.295,0.621,18.556,0.921,-0.05,0.004,김혜성,키움,2021.0,4.0,0.221,0.667,0.06,1.0
6.0,1,SS,9.0,38.0,7.0,10.0,2.0,0.0,1.0,15.0,5.0,4.0,0.0,2.0,0.0,0.0,7.0,1.0,0.0,1.0,0.225,0.303,0.3,0.604,18.0,1.088,-0.259,-0.024,김혜성,키움,2021.0,7.0,0.212,0.286,0.076,3.0
4.0,2,SS,9.0,32.0,9.0,13.0,1.0,0.0,1.0,17.0,5.0,4.0,0.0,10.0,0.0,0.0,4.0,1.0,0.0,0.0,0.254,0.344,0.343,0.687,22.778,1.058,0.557,0.037,김혜성,키움,2021.0,11.0,0.241,2.5,0.089,2.0
8.0,1,SS,8.0,37.0,8.0,12.0,1.0,1.0,1.0,18.0,5.0,5.0,0.0,3.0,0.0,0.0,5.0,1.0,0.0,0.0,0.262,0.353,0.361,0.714,19.778,0.619,0.247,0.011,김혜성,키움,2021.0,9.0,0.249,0.6,0.1,3.0
3.0,1,SS,9.0,40.0,5.0,14.0,0.0,0.0,0.0,14.0,4.0,2.0,1.0,2.0,0.0,0.0,5.0,0.0,0.0,0.0,0.286,0.365,0.387,0.752,20.222,0.928,-0.002,-0.021,김혜성,키움,2021.0,14.0,0.261,0.4,0.101,0.0
3.0,1,SS,8.0,36.0,6.0,9.0,1.0,0.0,0.0,10.0,4.0,2.0,0.0,4.0,0.0,0.0,7.0,0.0,0.0,0.0,0.286,0.363,0.375,0.738,17.444,0.942,-0.02,-0.024,김혜성,키움,2021.0,8.0,0.257,0.571,0.089,1.0
3.0,5,SS,9.0,38.0,6.0,11.0,1.0,0.0,0.0,12.0,6.0,2.0,1.0,2.0,0.0,0.0,8.0,0.0,0.0,1.0,0.28,0.352,0.358,0.71,17.556,1.019,0.038,-0.009,김혜성,키움,2021.0,10.0,0.248,0.25,0.078,1.0
7.0,2,SS,9.0,39.0,7.0,16.0,1.0,1.0,0.0,19.0,12.0,2.0,0.0,4.0,0.0,0.0,8.0,1.0,0.0,2.0,0.292,0.358,0.37,0.728,19.444,1.017,0.688,0.106,김혜성,키움,2021.0,14.0,0.254,0.5,0.078,2.0
4.0,2,SS,8.0,31.0,7.0,8.0,1.0,0.0,0.0,9.0,3.0,3.0,0.0,6.0,0.0,0.0,5.0,0.0,0.0,0.0,0.299,0.364,0.373,0.738,18.75,0.939,0.548,0.068,김혜성,키움,2021.0,7.0,0.257,1.2,0.075,1.0
4.0,4,DH,8.0,31.0,8.0,10.0,4.0,0.0,2.0,20.0,13.0,0.0,0.0,2.0,3.0,0.0,6.0,1.0,0.0,0.0,0.273,0.365,0.572,0.937,13.111,1.142,0.569,0.024,양의지,NC,2021.0,4.0,0.307,0.333,0.299,6.0
3.0,4,C,8.0,25.0,3.0,8.0,1.0,0.0,1.0,12.0,5.0,1.0,0.0,5.0,2.0,0.0,5.0,0.0,0.0,1.0,0.341,0.434,0.64,1.074,13.778,0.761,0.339,0.037,양의지,NC,2021.0,6.0,0.355,1.0,0.299,2.0
3.0,4,C,9.0,34.0,4.0,11.0,1.0,1.0,1.0,17.0,5.0,0.0,0.0,3.0,1.0,0.0,3.0,0.0,0.0,0.0,0.323,0.424,0.564,0.989,13.889,0.731,0.222,0.024,양의지,NC,2021.0,8.0,0.332,1.0,0.241,3.0
7.0,4,C,8.0,27.0,9.0,11.0,2.0,0.0,3.0,22.0,10.0,0.0,0.0,9.0,0.0,0.0,0.0,0.0,0.0,0.0,0.34,0.445,0.615,1.06,15.333,0.841,1.063,0.115,양의지,NC,2021.0,6.0,0.354,inf,0.276,5.0
3.0,4,DH,8.0,28.0,5.0,9.0,2.0,0.0,2.0,17.0,4.0,0.0,0.0,5.0,1.0,1.0,0.0,1.0,0.0,0.0,0.348,0.461,0.646,1.107,14.111,1.073,0.209,0.006,양의지,NC,2021.0,5.0,0.369,inf,0.298,4.0
6.0,4,DH,9.0,30.0,9.0,12.0,1.0,0.0,2.0,19.0,10.0,0.0,1.0,8.0,1.0,0.0,5.0,0.0,0.0,0.0,0.352,0.466,0.653,1.119,18.0,0.88,0.909,0.136,양의지,NC,2021.0,9.0,0.373,1.6,0.301,3.0
3.0,4,DH,9.0,31.0,3.0,8.0,1.0,0.0,2.0,15.0,5.0,0.0,0.0,9.0,0.0,1.0,4.0,1.0,0.0,0.0,0.348,0.466,0.62,1.087,18.0,1.092,0.23,0.044,양의지,NC,2021.0,5.0,0.365,2.25,0.272,3.0
5.0,4,DH,9.0,35.0,11.0,14.0,3.0,0.0,6.0,35.0,17.0,0.0,0.0,2.0,0.0,0.0,5.0,1.0,0.0,1.0,0.348,0.461,0.653,1.115,16.667,1.119,1.236,0.157,양의지,NC,2021.0,5.0,0.371,0.4,0.306,9.0
4.0,4,C,9.0,33.0,6.0,11.0,2.0,0.0,3.0,22.0,8.0,1.0,0.0,4.0,0.0,1.0,4.0,2.0,0.0,2.0,0.351,0.454,0.671,1.125,14.444,1.283,0.257,0.07,양의지,NC,2021.0,6.0,0.372,1.0,0.32,5.0
5.0,5,C,8.0,30.0,3.0,11.0,2.0,0.0,1.0,16.0,5.0,0.0,0.0,2.0,0.0,0.0,5.0,0.0,0.0,0.0,0.276,0.304,0.418,0.722,11.111,1.107,0.258,0.01,강민호,삼성,2021.0,8.0,0.241,0.4,0.142,3.0
5.0,5,C,8.0,33.0,5.0,14.0,2.0,0.0,2.0,22.0,12.0,0.0,0.0,2.0,0.0,0.0,1.0,0.0,0.0,1.0,0.365,0.394,0.524,0.918,14.222,1.079,0.687,0.025,강민호,삼성,2021.0,10.0,0.308,2.0,0.158,4.0
8.0,4,C,9.0,33.0,6.0,13.0,2.0,0.0,2.0,21.0,11.0,0.0,0.0,6.0,0.0,1.0,6.0,2.0,0.0,0.0,0.397,0.442,0.601,1.042,15.889,1.307,0.327,0.019,강민호,삼성,2021.0,9.0,0.349,1.0,0.204,4.0
4.0,5,C,6.0,26.0,2.0,5.0,2.0,0.0,0.0,7.0,4.0,0.0,0.0,2.0,0.0,1.0,2.0,2.0,0.0,0.0,0.365,0.425,0.574,0.999,8.556,2.288,-0.497,-0.008,강민호,삼성,2021.0,3.0,0.335,1.0,0.209,2.0
5.0,4,C,9.0,31.0,3.0,10.0,2.0,0.0,1.0,15.0,6.0,0.0,0.0,2.0,0.0,0.0,5.0,1.0,0.0,2.0,0.346,0.401,0.527,0.928,13.556,0.886,0.064,0.069,강민호,삼성,2021.0,7.0,0.312,0.4,0.181,3.0
5.0,4,C,8.0,25.0,4.0,10.0,2.0,0.0,0.0,12.0,2.0,0.0,0.0,3.0,1.0,0.0,5.0,0.0,0.0,0.0,0.35,0.402,0.522,0.924,10.333,1.098,0.26,0.012,강민호,삼성,2021.0,8.0,0.311,0.6,0.171,2.0
7.0,4,C,9.0,33.0,5.0,8.0,2.0,0.0,1.0,13.0,5.0,0.0,0.0,6.0,0.0,0.0,3.0,1.0,0.0,0.0,0.338,0.397,0.501,0.898,17.556,0.997,-0.117,0.017,강민호,삼성,2021.0,5.0,0.304,2.0,0.163,3.0
4.0,4,C,8.0,33.0,6.0,11.0,0.0,0.0,4.0,23.0,8.0,0.0,0.0,3.0,0.0,1.0,4.0,2.0,0.0,1.0,0.332,0.391,0.516,0.907,16.222,1.216,0.044,0.028,강민호,삼성,2021.0,7.0,0.305,0.75,0.183,4.0
7.0,5,1B,9.0,32.0,3.0,8.0,2.0,0.0,0.0,10.0,2.0,0.0,0.0,3.0,0.0,0.0,8.0,0.0,0.0,0.0,0.351,0.405,0.45,0.855,17.222,1.073,-0.276,-0.026,오재일,삼성,2021.0,6.0,0.295,0.375,0.099,2.0
5.0,4,1B,9.0,33.0,5.0,9.0,3.0,0.0,2.0,18.0,6.0,0.0,0.0,5.0,0.0,0.0,9.0,1.0,0.0,0.0,0.259,0.335,0.411,0.746,17.333,1.261,0.161,0.014,오재일,삼성,2021.0,4.0,0.253,0.556,0.152,5.0
4.0,4,1B,8.0,30.0,4.0,5.0,0.0,0.0,3.0,14.0,5.0,0.0,0.0,3.0,0.0,0.0,11.0,1.0,0.0,2.0,0.25,0.333,0.446,0.779,14.778,1.026,-0.27,-0.025,오재일,삼성,2021.0,2.0,0.261,0.273,0.196,3.0
4.0,3,1B,9.0,35.0,8.0,15.0,4.0,0.0,3.0,28.0,11.0,0.0,0.0,3.0,0.0,1.0,5.0,0.0,0.0,0.0,0.272,0.345,0.546,0.891,13.222,0.72,0.796,0.03,오재일,삼성,2021.0,8.0,0.292,0.6,0.275,7.0
5.0,5,1B,9.0,33.0,2.0,9.0,2.0,0.0,1.0,14.0,7.0,0.0,0.0,5.0,0.0,1.0,10.0,0.0,0.0,0.0,0.302,0.374,0.567,0.942,15.889,0.958,0.267,0.044,오재일,삼성,2021.0,6.0,0.31,0.5,0.266,3.0
5.0,5,1B,8.0,28.0,3.0,5.0,0.0,0.0,1.0,8.0,2.0,0.0,0.0,6.0,0.0,1.0,11.0,1.0,0.0,0.0,0.288,0.372,0.531,0.903,16.222,0.758,-0.416,-0.038,오재일,삼성,2021.0,4.0,0.3,0.545,0.244,1.0
2.0,5,1B,9.0,34.0,5.0,7.0,1.0,0.0,2.0,14.0,10.0,0.0,0.0,2.0,0.0,1.0,12.0,0.0,0.0,1.0,0.275,0.355,0.509,0.864,14.667,1.316,0.092,-0.011,오재일,삼성,2021.0,4.0,0.287,0.167,0.234,3.0
4.0,1,2B,9.0,35.0,5.0,8.0,0.0,0.0,0.0,8.0,1.0,0.0,1.0,5.0,2.0,0.0,3.0,2.0,1.0,0.0,0.258,0.413,0.258,0.67,18.0,0.971,-0.46,-0.049,박민우,NC,2021.0,8.0,0.25,1.667,0.0,0.0
4.0,1,2B,8.0,29.0,6.0,10.0,0.0,1.0,1.0,15.0,4.0,1.0,0.0,3.0,1.0,0.0,2.0,0.0,0.0,0.0,0.292,0.394,0.344,0.738,14.0,1.012,0.467,0.026,박민우,NC,2021.0,8.0,0.263,1.5,0.052,2.0
6.0,1,2B,8.0,27.0,4.0,8.0,1.0,0.0,0.0,9.0,2.0,4.0,1.0,4.0,2.0,0.0,4.0,0.0,2.0,0.0,0.309,0.415,0.388,0.802,14.333,1.29,0.092,-0.003,박민우,NC,2021.0,7.0,0.284,1.0,0.078,1.0
3.0,1,2B,8.0,32.0,6.0,8.0,3.0,0.0,0.0,11.0,2.0,2.0,1.0,5.0,0.0,0.0,6.0,1.0,0.0,0.0,0.296,0.409,0.371,0.78,16.889,0.632,-0.061,-0.011,박민우,NC,2021.0,5.0,0.277,0.833,0.075,3.0
6.0,1,2B,9.0,37.0,5.0,9.0,1.0,0.0,0.0,10.0,6.0,3.0,0.0,3.0,1.0,0.0,0.0,1.0,0.0,2.0,0.286,0.387,0.36,0.747,18.111,0.934,-0.089,-0.023,박민우,NC,2021.0,8.0,0.264,inf,0.074,1.0
4.0,1,2B,9.0,33.0,3.0,4.0,0.0,1.0,0.0,6.0,3.0,1.0,1.0,5.0,1.0,0.0,9.0,0.0,1.0,1.0,0.267,0.364,0.34,0.704,18.667,1.072,-0.288,-0.024,박민우,NC,2021.0,3.0,0.249,0.556,0.073,1.0
1.0,5,2B,9.0,35.0,3.0,13.0,2.0,0.0,3.0,24.0,5.0,1.0,0.0,1.0,0.0,0.0,9.0,0.0,0.0,0.0,0.442,0.446,1.132,1.578,18.111,1.021,0.233,0.038,최주환,SSG,2021.0,8.0,0.484,0.111,0.69,5.0
3.0,5,2B,9.0,36.0,5.0,13.0,5.0,0.0,1.0,21.0,10.0,0.0,0.0,2.0,1.0,0.0,4.0,0.0,0.0,0.0,0.364,0.387,0.64,1.027,18.333,0.842,0.66,0.046,최주환,SSG,2021.0,7.0,0.334,0.5,0.276,6.0
5.0,5,PH,5.0,24.0,2.0,6.0,1.0,0.0,0.0,7.0,5.0,0.0,0.0,4.0,0.0,0.0,2.0,0.0,0.0,0.0,0.354,0.398,0.594,0.992,13.778,0.913,0.071,0.005,최주환,SSG,2021.0,5.0,0.328,2.0,0.24,1.0
3.0,5,2B,9.0,32.0,4.0,7.0,0.0,0.0,0.0,7.0,1.0,0.0,0.0,5.0,1.0,1.0,5.0,1.0,0.0,1.0,0.319,0.382,0.509,0.891,20.556,1.206,-0.546,-0.053,최주환,SSG,2021.0,7.0,0.299,1.0,0.19,0.0
3.0,5,2B,9.0,29.0,4.0,4.0,0.0,0.0,3.0,13.0,5.0,0.0,0.0,5.0,3.0,1.0,6.0,1.0,0.0,1.0,0.289,0.363,0.479,0.842,19.444,0.881,-0.071,-0.011,최주환,SSG,2021.0,1.0,0.283,0.833,0.19,3.0
2.0,5,2B,8.0,31.0,3.0,8.0,1.0,0.0,1.0,12.0,8.0,0.0,0.0,4.0,0.0,0.0,4.0,0.0,0.0,0.0,0.278,0.365,0.479,0.844,15.556,1.079,0.178,0.023,최주환,SSG,2021.0,6.0,0.284,1.0,0.201,2.0
1.0,5,2B,9.0,33.0,5.0,7.0,0.0,0.0,2.0,13.0,10.0,1.0,0.0,3.0,0.0,0.0,7.0,1.0,0.0,0.0,0.264,0.352,0.454,0.806,16.778,1.266,0.059,0.007,최주환,SSG,2021.0,5.0,0.272,0.429,0.19,2.0
5.0,1,3B,9.0,38.0,7.0,14.0,1.0,0.0,0.0,15.0,2.0,0.0,1.0,0.0,0.0,0.0,6.0,0.0,0.0,0.0,0.431,0.431,0.446,0.877,16.556,0.97,0.223,0.032,허경민,두산,2021.0,13.0,0.305,0.0,0.015,1.0
5.0,1,3B,9.0,38.0,6.0,13.0,2.0,0.0,1.0,18.0,6.0,0.0,0.0,4.0,0.0,0.0,4.0,2.0,0.0,0.0,0.344,0.364,0.383,0.747,17.444,0.819,0.32,0.032,허경민,두산,2021.0,10.0,0.26,1.0,0.039,3.0
5.0,1,3B,8.0,35.0,6.0,10.0,2.0,0.0,0.0,12.0,1.0,0.0,0.0,4.0,1.0,1.0,4.0,0.0,0.0,0.0,0.357,0.397,0.432,0.829,16.333,0.927,-0.053,-0.043,허경민,두산,2021.0,8.0,0.287,1.0,0.075,2.0
4.0,1,3B,6.0,28.0,4.0,11.0,2.0,0.0,1.0,16.0,4.0,0.0,1.0,2.0,1.0,0.0,0.0,2.0,0.0,1.0,0.344,0.4,0.421,0.821,12.667,1.172,-0.136,-0.01,허경민,두산,2021.0,8.0,0.285,inf,0.077,3.0
3.0,1,3B,9.0,40.0,2.0,9.0,1.0,0.0,1.0,13.0,5.0,1.0,0.0,1.0,0.0,0.0,1.0,3.0,0.0,1.0,0.345,0.395,0.444,0.84,17.0,1.008,-0.496,0.002,허경민,두산,2021.0,7.0,0.289,1.0,0.099,2.0
5.0,1,3B,8.0,36.0,5.0,10.0,2.0,0.0,1.0,15.0,4.0,0.0,2.0,2.0,1.0,0.0,3.0,3.0,0.0,0.0,0.326,0.372,0.427,0.799,15.333,0.873,-0.204,0.025,허경민,두산,2021.0,7.0,0.274,0.667,0.101,3.0
4.0,1,3B,9.0,38.0,7.0,12.0,4.0,1.0,0.0,18.0,6.0,1.0,1.0,5.0,0.0,0.0,2.0,3.0,0.0,0.0,0.325,0.376,0.432,0.808,17.778,1.063,0.09,0.014,허경민,두산,2021.0,7.0,0.277,2.5,0.107,5.0
4.0,1,3B,8.0,35.0,6.0,8.0,3.0,0.0,0.0,11.0,4.0,0.0,0.0,3.0,0.0,0.0,2.0,3.0,0.0,0.0,0.317,0.368,0.43,0.798,14.222,1.098,-0.19,-0.017,허경민,두산,2021.0,5.0,0.273,1.5,0.113,3.0
